0,1,2,3,4,5,6,7,0,1,2,3,4,5,6
0.6804116076023697,0.382934650977653,0.38444280068550785,0.21666666666666679,0.0,0.2892857142857143,0.0,0.02070569413024506,0.07105067155595939,0.8572683897192438,0.5064574003147149,0.30406780072453077,0.5981167923644304,0.5333333333333333,0.0
0.6804116076023697,0.382934650977653,0.38444280068550785,0.48,0.0,0.34714285714285714,0.0,0.02070569413024506,0.07812343300866732,0.6947730986656981,0.6578873120428905,0.2678364612412911,0.5049745281658771,0.48222222222222233,0.0
0.6804116076023697,0.382934650977653,0.38444280068550785,0.7033333333333336,0.0,0.405,0.0,0.02070569413024506,0.06968741700654714,0.6176668345481391,0.7499132585043806,0.2288496611362166,0.4438052792943598,0.4222222222222222,0.0
0.6804116076023697,0.382934650977653,0.38444280068550785,0.2333333333333334,0.0,0.2892857142857143,0.0,0.026976753246688603,0.0708786368147971,0.8325081964833246,0.5463569686473497,0.25268195078476374,0.559883911353209,0.6577777777777777,0.0
0.6804116076023697,0.382934650977653,0.38444280068550785,0.5,0.0,0.34714285714285714,0.0,0.026976753246688603,0.06564227282125128,0.6891174669658617,0.6915865622819501,0.22330651610810962,0.4733314610375397,0.608888888888889,0.0
0.6804116076023697,0.382934650977653,0.38444280068550785,0.7400000000000002,0.0,0.405,0.0,0.026976753246688603,0.06544586535692969,0.6120814951922364,0.7650499248782225,0.21261175202946245,0.43072581045804487,0.4755555555555557,0.0
0.6804116076023697,0.382934650977653,0.38444280068550785,0.3333333333333335,0.0,0.2892857142857143,0.0,0.03220263584372489,0.07017172530114886,0.7491135185004963,0.6298248270938485,0.2310123261861691,0.5083630462180404,1.0,0.0
0.6804116076023697,0.382934650977653,0.38444280068550785,0.5533333333333337,0.0,0.34714285714285714,0.0,0.03220263584372489,0.0682404699312935,0.6403285750895131,0.7334159597643146,0.22168353063631094,0.45032712889374477,0.888888888888889,0.0
0.6804116076023697,0.382934650977653,0.38444280068550785,0.7600000000000002,0.0,0.405,0.0,0.03220263584372489,0.06514938410571043,0.6009326060207245,0.7758570081614942,0.21140857010731215,0.42460294518887737,0.7333333333333334,0.0
0.6961432203899177,0.19560974877673382,0.6336936257223617,0.4666666666666668,0.07222222222222222,0.6202285714285716,0.0,0.29927300171526666,0.19971596800773628,0.3281918398431773,0.8924759321739866,0.1629055181093161,0.017530693646664097,0.05111111111111111,0.0
0.6961432203899177,0.19560974877673382,0.6336936257223617,0.39333333333333353,0.02111111111111111,0.5149285714285715,0.0,0.20579611896406286,0.07139527228298113,0.5844071796030721,0.7720167383882801,0.24696127250240887,0.0497803072349042,0.0,0.0
0.6223463404771531,0.3311376646191353,0.5157773713781685,0.7166666666666668,0.02111111111111111,0.6040285714285715,0.0,0.24327502260185446,0.06769844802790524,0.5030423563856482,0.8485790788036218,0.2499673603730362,0.03561209355695544,0.017777777777777778,0.0
0.6223463404771531,0.3311376646191353,0.5157773713781685,0.5733333333333337,0.02111111111111111,0.43508571428571435,0.0030035684121753185,0.20147321970492937,0.08381713618635979,0.6637077454418879,0.6528070360296316,0.3478257783157198,0.12228074460375482,0.03111111111111111,0.0
0.6223463404771531,0.3311376646191353,0.5157773713781685,0.6233333333333335,0.02111111111111111,0.49410000000000004,0.027823103663062787,0.19249523467793522,0.0912098140867366,0.6185977170189049,0.6872498080283138,0.3427869156766902,0.09247568033531339,0.15555555555555556,0.0
0.6223463404771531,0.3311376646191353,0.5157773713781685,0.39333333333333353,0.02111111111111111,0.3934285714285715,0.0,0.19805953130174028,0.13508259183257176,0.7134025899028059,0.5424331308080643,0.3766216489456343,0.16351383852717166,0.18,0.0
0.6223463404771531,0.3311376646191353,0.5157773713781685,0.5066666666666668,0.02111111111111111,0.4755857142857143,0.0,0.20908949101875898,0.07464603834808801,0.6533693967137602,0.6707151289073421,0.3520047783838106,0.10036880902329753,0.2733333333333334,0.0
0.6223463404771531,0.3311376646191353,0.5157773713781685,0.6300000000000003,0.02111111111111111,0.3899571428571429,0.0,0.17864852531047418,0.09583435584336962,0.6726643535191413,0.6290163318477631,0.3556192191974197,0.12296102230783407,0.3177777777777778,0.010365398956002983
0.6597250303275374,0.45247532206792707,0.3067597194202518,0.706666666666667,0.0,0.405,0.0,0.004694196055307143,0.23269425758372575,0.6006134943381769,0.48440113870016804,0.5363713802179866,0.22824300380612073,0.15555555555555556,0.0
0.6597250303275374,0.45247532206792707,0.3067597194202518,0.6800000000000002,0.0,0.3818571428571429,0.027401785667999442,0.004694196055307143,0.32008672496009777,0.5371558568943918,0.47185188640223624,0.4619440197977531,0.24262359612644185,0.22222222222222224,0.0
0.6597250303275374,0.45247532206792707,0.3067597194202518,0.6300000000000003,0.0,0.3818571428571429,0.056049107048180676,0.004694196055307143,0.3613095869300846,0.461799912429897,0.5041213923112038,0.43004657961765314,0.23354111676623907,0.17777777777777778,0.0
0.6597250303275374,0.45247532206792707,0.3067597194202518,0.6200000000000001,0.0,0.3124285714285715,0.028647321380181237,0.004694196055307143,0.37450090276048037,0.4974948334920261,0.4610953844325804,0.43004657961765314,0.2532198220466784,0.22222222222222224,0.0
0.6597250303275374,0.45247532206792707,0.3067597194202518,0.5166666666666666,0.0,0.3124285714285715,0.05355803562381709,0.004694196055307143,0.42561725160326397,0.35471514924350944,0.5202561452656875,0.4725764998577864,0.25776106172677987,0.2,0.0
0.6597250303275374,0.45247532206792707,0.3067597194202518,0.6933333333333334,0.0,0.4165714285714286,0.03985714278981737,0.002599474178641507,0.37450090276048037,0.5411219592346284,0.41986212688223307,0.43004657961765314,0.33117776988841907,0.13333333333333333,0.0
0.6597250303275374,0.45247532206792707,0.3067597194202518,0.6333333333333333,0.0,0.405,0.07473214273090757,0.0014494350990421198,0.42561725160326397,0.4340371960482409,0.4557171334477525,0.445995299707703,0.3220952905282163,0.11111111111111112,0.0
0.6597250303275374,0.45247532206792707,0.3067597194202518,0.6033333333333335,0.0,0.2892857142857143,0.03861160707763558,0.0020655353019371154,0.43221290951846186,0.5530202662553381,0.3248463594836064,0.4938414599778531,0.4121632108502274,0.08888888888888889,0.0
0.6597250303275374,0.45247532206792707,0.3067597194202518,0.5500000000000003,0.0,0.27771428571428575,0.07224107130654397,0.0008744207851250235,0.47673360044604757,0.3666134562642192,0.43958238049326875,0.5097901800679032,0.3887001391697034,0.08888888888888889,0.0
0.6597250303275374,0.45247532206792707,0.3067597194202518,0.7333333333333334,0.0,0.4397142857142858,0.04110267850199917,0.002476260409121624,0.39263896202727455,0.5629355221059295,0.3804216196601616,0.43004657961765314,0.35312709500890915,0.11111111111111112,0.0
0.6597250303275374,0.45247532206792707,0.3067597194202518,0.6500000000000004,0.0,0.3934285714285715,0.0697499998821804,0.0011208566855769437,0.478382514924847,0.44791855423906896,0.38759262097326547,0.4406790596776864,0.3788607865294838,0.11111111111111112,0.0
0.6597250303275374,0.45247532206792707,0.3067597194202518,0.666666666666667,0.0,0.3124285714285715,0.03861160707763558,0.0016137995584841048,0.4701379425308497,0.6164779036991233,0.21907409011532397,0.5151064200979198,0.47801118621169764,0.08888888888888889,0.0
0.6597250303275374,0.45247532206792707,0.3067597194202518,0.5233333333333334,0.0,0.3008571428571429,0.07846874986745295,0.0005870913081747744,0.5196053768948338,0.4637829636000152,0.3051261058725707,0.5097901800679032,0.4590893542112751,0.08888888888888889,0.0
0.6597250303275374,0.45247532206792707,0.3067597194202518,0.8000000000000003,0.0,0.37028571428571433,0.01245535712181793,0.002435187062261958,0.3481182710996888,0.6858846946532633,0.2979551045594668,0.4885252199478365,0.47801118621169764,0.06666666666666667,0.0
0.6597250303275374,0.45247532206792707,0.3067597194202518,0.7633333333333336,0.0,0.3818571428571429,0.03612053565327199,0.0015315849282910108,0.4684890280520502,0.6283762107198331,0.23700159339808374,0.43536281964766976,0.4734699465315962,0.08888888888888889,0.0
0.6597250303275374,0.45247532206792707,0.3067597194202518,0.766666666666667,0.0,0.405,0.04483928563854454,0.0013672946763819034,0.45529771222165444,0.6025965455082952,0.26568559865049934,0.4566277797677365,0.4606031007713089,0.08888888888888889,0.0
0.6597250303275374,0.45247532206792707,0.3067597194202518,0.71,0.0,0.37028571428571433,0.06725892845781682,0.0007101294880393965,0.5031162321068391,0.4875795776414347,0.31588260784222655,0.46726025982776975,0.44849312829103855,0.06666666666666667,0.0
0.6597250303275374,0.45247532206792707,0.3067597194202518,0.686666666666667,0.0,0.3818571428571429,0.07099553559436218,0.0005047637989175841,0.5278499492888311,0.45783381008966045,0.3230536091553305,0.445995299707703,0.44470876189095404,0.08888888888888889,0.0
0.6597250303275374,0.45247532206792707,0.3067597194202518,0.6766666666666667,0.0,0.3008571428571429,0.037366071365453786,0.00103871208221065,0.5047651465856385,0.6898507969934998,0.1097163200904896,0.53105514018797,0.5703497263737594,0.06666666666666667,0.0
0.6597250303275374,0.45247532206792707,0.3067597194202518,0.5533333333333337,0.0,0.27771428571428575,0.0697499998821804,1.1199045981375756e-05,0.5294988637676307,0.5371558568943918,0.23520884306980772,0.4885252199478365,0.5264510761327792,0.06666666666666667,0.0
0.6597250303275374,0.45247532206792707,0.3067597194202518,0.6000000000000001,0.0,0.2198571428571429,0.0,0.004694635029445293,0.3329712660037402,0.600044712219616,0.3718053002529437,0.5484874621468618,0.31452655772804733,0.2888888888888889,0.1923937360178971
0.6597250303275374,0.45247532206792707,0.3067597194202518,0.6833333333333336,0.0,0.3124285714285715,0.0,0.004694193816725423,0.3242040939171,0.5944672184451065,0.4095048059001854,0.47991143143001624,0.27668289372720234,0.26666666666666666,0.17747949291573453
0.6597250303275374,0.45247532206792707,0.3067597194202518,0.706666666666667,0.0,0.405,0.0,0.004694193816725423,0.2320855978767863,0.6015406927599997,0.48405622476676374,0.5368708927040283,0.23127049692618834,0.24444444444444446,0.1312453392990306
0.6597250303275374,0.45247532206792707,0.3067597194202518,0.6800000000000002,0.0,0.3818571428571429,0.027401785667999442,0.004694193816725423,0.31994931542019783,0.5368253483660388,0.47230007398430524,0.4619440197977531,0.23883922972635735,0.22222222222222224,0.12453392990305742
0.6597250303275374,0.45247532206792707,0.3067597194202518,0.6300000000000003,0.0,0.3818571428571429,0.056049107048180676,0.004694193816725423,0.3614754941363703,0.46252879571419087,0.5042575971616066,0.4324699990974552,0.23127049692618834,0.17777777777777778,0.11483967188665176
0.7061261625556002,0.31762195559167283,0.45111723444154694,0.6000000000000001,0.0,0.19671428571428576,0.08095982129181653,0.029067106285503113,0.5153610591208844,0.39456946644224056,0.4253374582097474,0.35254846683351115,0.6204965431469223,0.7333333333333334,0.09843400447427293
0.7061261625556002,0.31762195559167283,0.45111723444154694,0.6000000000000001,0.0,0.19671428571428576,0.08095982129181653,0.029067106285503113,0.5789223661295153,0.31270475616002663,0.44206930412805295,0.31747071169960894,0.594706795800662,0.6666666666666667,0.08501118568232663
0.7061261625556002,0.31762195559167283,0.45111723444154694,0.6000000000000001,0.0,0.19671428571428576,0.08095982129181653,0.029067106285503113,0.6754299255218474,0.43543096844687695,0.29826547735531816,0.1037503278528312,0.5924051017619727,0.0,0.06711409395973154
0.7061261625556002,0.31762195559167283,0.45111723444154694,0.6000000000000001,0.0,0.19671428571428576,0.08095982129181653,0.029067106285503113,0.6956135995911055,0.4485898461723042,0.28096887260623366,0.054691152684370276,0.5836812488336105,0.8444444444444444,0.06413124533929902
0.7933879849659103,0.3179368478863707,0.36341092287590515,0.16666666666666696,0.0,0.0,0.9940179461615153,0.00813222060177576,0.9999999999999999,0.0,0.17332839449829718,0.595118721297929,0.6482970140284576,0.4633333333333332,0.024757643549589863
0.7933879849659103,0.3179368478863707,0.36341092287590515,0.16666666666666696,0.0,0.0,1.0,0.008194931192940198,0.7234252291177204,0.19452524754230266,0.2465655928596413,0.7481501081567595,0.64827405804021,0.5304444444444446,0.028038777032065622
0.7933879849659103,0.3179368478863707,0.36341092287590515,0.5,0.0,0.0,0.0,0.0076096323420721335,0.530683083535481,0.610698245111194,0.09809720643300723,0.6941441651576551,1.0,0.458,0.00529455630126771
0.7933879849659103,0.3179368478863707,0.36341092287590515,0.5,0.0,0.0,0.8805495774353523,0.007944088828282455,0.8271446912611492,0.054909539992245585,0.40733883878898586,0.31127832688624424,0.6243559819539453,0.06777777777777771,0.005145413870246085
0.7933879849659103,0.3179368478863707,0.36341092287590515,0.5,0.0,0.0,0.8850467662884443,0.00799634765425282,0.6986139545175254,0.20429612035470518,0.36964716381614626,0.43696228727372377,0.7123224188183364,0.0515555555555554,0.036539895600298286
0.7933879849659103,0.3179368478863707,0.36341092287590515,0.5,0.0,0.0,0.8823484529765891,0.0079649923586706,0.8215066076207139,0.04886797124664079,0.4140795539038265,0.32566347174495225,0.6279338812289226,0.07800000000000011,0.013348247576435497
0.2417412401765151,0.38478453117904354,0.8204916524062319,0.5,0.0,0.23142857142857146,0.0,0.029067106285503113,0.5541646251092446,0.3611779203111175,0.44643983418468175,0.25438262556844726,0.5735011893962685,0.8644444444444445,0.0
0.2417412401765151,0.38478453117904354,0.8204916524062319,0.5,0.0,0.34714285714285714,0.0,0.029067106285503113,0.5707469959588254,0.4805750717133182,0.3400605357262729,0.1962934219111345,0.609608469426044,0.7560000000000001,0.0
0.2417412401765151,0.38478453117904354,0.8204916524062319,0.5,0.0,0.4628571428571429,0.0,0.029067106285503113,0.6129329600094566,0.4332226695598959,0.3375192704346848,0.19476233761504128,0.606913358820993,0.648,0.0
0.2417412401765151,0.38478453117904354,0.8204916524062319,0.666666666666667,0.0,0.23142857142857146,0.0,0.029067106285503113,0.46375741570187706,0.42266696494639105,0.46607455977200224,0.32279591485174697,0.5932210596990228,0.8644444444444445,0.0
0.2417412401765151,0.38478453117904354,0.8204916524062319,0.666666666666667,0.0,0.34714285714285714,0.0,0.029067106285503113,0.4088159964726052,0.4765331641664248,0.5015903037860043,0.25020637532095136,0.5549475021611301,0.7560000000000001,0.0
0.2417412401765151,0.38478453117904354,0.8204916524062319,0.666666666666667,0.0,0.4628571428571429,0.0,0.029067106285503113,0.4342086401759056,0.5340172152383271,0.45728543175098685,0.1456149970841744,0.5418886072185365,0.648,0.0
0.2417412401765151,0.38478453117904354,0.8204916524062319,0.8333333333333335,0.0,0.23142857142857146,0.0,0.029067106285503113,0.4487265209788614,0.5488199631677052,0.3923439121653816,0.2517025833009542,0.6102953012933514,0.8644444444444445,0.0
0.2417412401765151,0.38478453117904354,0.8204916524062319,0.8333333333333335,0.0,0.34714285714285714,0.0,0.029067106285503113,0.39916635910540144,0.4592004693400818,0.5085151374952999,0.30724880834333,0.5709014350219848,0.7560000000000001,0.0
0.2417412401765151,0.38478453117904354,0.8204916524062319,0.8333333333333335,0.0,0.4628571428571429,0.0,0.029067106285503113,0.3753529218850437,0.44254563055932256,0.5523704060372787,0.29862542339006093,0.5466886795135613,0.648,0.0
0.6961432203899177,0.19560974877673382,0.6336936257223617,0.4666666666666668,0.07222222222222222,0.6202285714285716,0.0,0.07310215645127545,0.19881702709250293,0.32685976691932456,0.8949018696314472,0.16218095268466337,0.01753069364666393,0.05111111111111105,0.0
0.6475745168455335,0.22506924082354873,0.6405895915881887,0.43333333333333357,0.02111111111111111,0.4651714285714286,0.0,0.05223605430554144,0.0715366737971087,0.5455401249115182,0.8102457713148998,0.2373369182256201,0.04773629525489037,0.15777777777777766,0.0
0.6223463404771531,0.3311376646191353,0.5157773713781685,0.7166666666666668,0.02111111111111111,0.6040285714285715,0.0,0.059102652760559704,0.06769844802790516,0.503042356385648,0.8485790788036216,0.2499673603730376,0.03561209355695569,0.017777777777777715,0.0
0.6223463404771531,0.3311376646191353,0.5157773713781685,0.5733333333333337,0.02111111111111111,0.43508571428571435,0.0030035684121753185,0.04865219538335926,0.08427031519415125,0.6657106622769418,0.6548394651852398,0.3349682080571974,0.11956599152299019,0.03111111111111124,0.0
0.6223463404771531,0.3311376646191353,0.5157773713781685,0.6233333333333335,0.02111111111111111,0.49410000000000004,0.027823103663062787,0.04640769769771882,0.0912098140867366,0.6185977170189049,0.6872498080283138,0.34278691567668984,0.09247568033531331,0.15555555555555556,0.0
0.6223463404771531,0.3311376646191353,0.5157773713781685,0.39333333333333353,0.02111111111111111,0.3934285714285715,0.0,0.047798772739256146,0.13508259183257182,0.713402589902806,0.5424331308080643,0.37662164894563366,0.16351383852717144,0.17999999999999988,0.0
0.6722998028854371,0.21007204480446762,0.6370790031616689,0.43333333333333357,0.02111111111111111,0.405,0.0,0.051296382823434475,0.08310156168622286,0.7012400855320402,0.6262297395371454,0.32832729177059605,0.11984891075506054,0.31555555555555564,0.0
0.6223463404771531,0.3311376646191353,0.5157773713781685,0.5066666666666668,0.02111111111111111,0.4755857142857143,0.0,0.050556264423984906,0.07464603834808801,0.6533693967137602,0.6707151289073421,0.3520047783838106,0.10036880902329753,0.1977777777777779,0.0
0.6711082834843706,0.19696352453658278,0.6568132948614699,0.7166666666666668,0.02111111111111111,0.46170000000000005,0.0,0.043918796806892216,0.10213190492624215,0.5896226853105723,0.7140554943121988,0.305760696882009,0.08663610023067095,0.2755555555555557,0.003057419835943326
0.6223463404771531,0.3311376646191353,0.5157773713781685,0.6300000000000003,0.02111111111111111,0.3899571428571429,0.0,0.04294601815207945,0.09583435584336962,0.6726643535191413,0.6290163318477631,0.3556192191974197,0.12296102230783407,0.4022222222222221,0.010365398956002983
0.804612896202059,0.23692487870168982,0.4667824043408356,0.3366666666666669,0.02111111111111111,0.2522571428571429,0.0,0.04544630047973872,0.10430426796006621,0.8211451306471883,0.45010944153154003,0.4607908223942787,0.24104960245331863,0.408888888888889,0.11282624906785982
0.3228397981337361,0.20055334065135866,1.0,0.4973333333333336,0.1111111111111111,0.0,0.6238216256533687,0.004191905123610403,0.0,0.4467067641530869,0.9584486844841678,0.2934510775556788,0.4795249327717314,0.3977777777777779,0.08135719612229679
0.3228397981337361,0.20055334065135866,1.0,0.44333333333333336,0.1111111111111111,0.0,0.634223811107032,0.004191905123610403,0.005312836375987243,0.5239999595214104,0.8902949329040888,0.27121529183120663,0.4984467647721538,0.2,0.05689783743475019
0.3228397981337361,0.20055334065135866,1.0,0.4630000000000001,0.1111111111111111,0.0,0.7524551081103551,0.005446116946899112,0.002115122905454972,0.4043919842000489,1.0000000000000002,0.27685414250671037,0.46892870685149485,0.3977777777777779,0.0761372110365399
0.3228397981337361,0.20055334065135866,1.0,0.4666666666666668,0.1111111111111111,0.0,0.7516120795401358,0.005446116946899112,0.007398525059653577,0.500876592223879,0.913612088036952,0.2573359406482103,0.497689891492137,0.046666666666666544,0.051304996271439224
0.0,0.9999999999999999,0.19197123321109183,0.8000000000000003,0.4444444444444445,0.35871428571428576,0.0,0.0562416957900918,0.3980562393720153,0.5599732471570185,0.4167214774237645,0.3128782323555982,0.06668742195554891,0.391111111111111,0.01193139448173001
0.0,0.9999999999999999,0.19197123321109183,0.75,0.4444444444444445,0.3355714285714286,0.03612053565327199,0.10327463916341835,0.41016952648609,0.41723344665934387,0.5106319066612586,0.3780033877448582,0.050996877649422484,0.42666666666666675,0.02237136465324385
0.0,0.9999999999999999,0.19197123321109183,0.7600000000000002,0.4444444444444445,0.37028571428571433,0.013700892833999721,0.07714522617823692,0.411719258139097,0.5177705199456843,0.4501193620145643,0.28292777388902834,0.057207739161911214,0.41777777777777775,0.012677106636838202
0.0,0.9999999999999999,0.19197123321109183,0.7600000000000002,0.4444444444444445,0.42814285714285716,0.0,0.06146757838712808,0.3772490935584795,0.5510372150852199,0.46647363541740844,0.25638273863710836,0.05810556807410194,0.3600000000000001,0.005219985085756919
0.0,0.9999999999999999,0.19197123321109183,0.77,0.6666666666666665,0.34714285714285714,0.03861160707763558,0.07819040269764418,0.44131324765462115,0.38255317136580297,0.5093180989589914,0.3744615889240611,0.051440816585036575,0.36444444444444457,0.019388516032811397
0.0,0.9999999999999999,0.19197123321109183,0.7400000000000002,1.0,0.3355714285714286,0.05355803562381709,0.0656482844647571,0.4352295282548702,0.3771436117024442,0.49456468965685413,0.4523280817589632,0.06552093878342599,0.41777777777777775,0.018642803877703208
0.0,0.9999999999999999,0.19197123321109183,0.73,0.4444444444444445,0.4628571428571429,0.02241964281927227,0.07610004965882966,0.3982336528875914,0.4917498966333365,0.500326980369785,0.24727741695968145,0.03199395964366708,0.17333333333333328,0.008202833706189369
0.0,0.9999999999999999,0.19197123321109183,0.7166666666666668,0.3333333333333333,0.4975714285714286,0.046084821350726335,0.07714522617823692,0.385843435690404,0.3633083709806887,0.6172819660626843,0.28473601879719734,0.0,0.15111111111111106,0.01640566741237884
0.0,0.9999999999999999,0.19197123321109183,0.7833333333333337,0.4444444444444445,0.4744285714285714,0.023665178531454063,0.07191934358120064,0.38562990105186473,0.45991855619157956,0.5424331308080643,0.24838565961759615,0.019012387605303382,0.25333333333333347,0.01416853094705448
0.9082831421456995,0.1519805872385498,0.48327205686640295,0.5833333333333335,0.3333333333333333,0.32400000000000007,0.009964285697454342,0.06460310794534985,0.2681374193187453,0.6314632285207387,0.40980793947416977,0.5605958966434232,0.12246851311423312,0.24888888888888897,0.04548844146159589
0.9082831421456995,0.1519805872385498,0.48327205686640295,0.7133333333333334,0.3333333333333333,0.45128571428571435,0.04234821421418096,0.08341628529468045,0.3400643246569977,0.519583501727968,0.5002146473761746,0.36053597298240614,0.05478617594550647,0.14444444444444446,0.021625652498135764
0.7097590492401228,0.3360179631577788,0.4214621351622184,0.3333333333333335,0.0,0.23142857142857146,0.0,0.017154282280337867,0.3923719371235851,0.3303505385149139,0.5526250112274889,0.5437765952760354,0.3461279850392809,0.47774600000000006,0.21607208053691276
0.7097590492401228,0.3360179631577788,0.4214621351622184,0.666666666666667,0.0,0.23142857142857146,0.0,0.017166543022306687,0.42268502187245643,0.4613803491796991,0.4433598893585989,0.41879077490923,0.38482994333966497,0.11576133333333334,0.2015794258016406
0.7097590492401228,0.3360179631577788,0.4214621351622184,0.3333333333333335,0.0,0.23142857142857146,0.0,0.01695811040883679,0.3719464728017378,0.36957310305044533,0.5525192995348738,0.5047941387287997,0.31272546422725506,0.5149273333333333,0.1961599552572707
0.7097590492401228,0.3360179631577788,0.4214621351622184,0.5333333333333337,0.0,0.23142857142857146,0.0,0.017132825981892436,0.3641507678698891,0.4553714716276706,0.4861451435512401,0.4967431740727867,0.35770062290313603,0.2879638666666668,0.3205569500372856
0.7097590492401228,0.3360179631577788,0.4214621351622184,0.666666666666667,0.0,0.23142857142857146,0.0,0.017062326715571736,0.4040116221825239,0.5097285094606234,0.424185818850428,0.4062407694832403,0.39851141181123456,0.019994444444444388,0.2598463385533184
0.9999999999999997,0.4287848657950716,0.0,0.7866666666666666,0.0,0.405,0.12455357121817928,0.3570102576562794,0.3839928959163297,0.37078994005902194,0.5923545361656852,0.3445654908140027,0.19177329059592174,0.2622222222222222,0.04325130499627144
0.9999999999999997,0.4287848657950716,0.0,0.79,0.0,0.3818571428571429,0.12455357121817928,0.3570102576562794,0.41410732558985236,0.3432328403321156,0.590047203949795,0.3281923390102415,0.18309617043275694,0.2622222222222222,0.04325130499627144
0.9999999999999997,0.4287848657950716,0.0,0.7766666666666668,0.0,0.405,0.12455357121817928,0.3570102576562794,0.5129980811480656,0.22250733911969894,0.6159410759749895,0.25621978875113083,0.12312814916905201,0.2622222222222222,0.04325130499627144
0.9082831421456995,0.1519805872385498,0.48327205686640295,0.5,0.0,0.0,0.08095982129181653,0.0005476932344588743,0.37904411438350166,0.5574298357348838,0.3417678045652662,0.6032617927475634,0.47590970456324416,0.41111111111111115,0.06189410887397465
0.9082831421456995,0.1519805872385498,0.48327205686640295,0.666666666666667,0.0,0.0,0.08095982129181653,0.0006864567890143766,0.41638471471042654,0.47074965333512125,0.4032965871227386,0.532790030690945,0.400161006896622,0.3577777777777778,0.041014168530947054
0.9082831421456995,0.1519805872385498,0.48327205686640295,0.8333333333333335,0.0,0.0,0.07722321415527116,0.0006814672157140424,0.4037561715950295,0.5616134879925174,0.3444914453659933,0.5042956175211565,0.44922655634702086,0.30444444444444446,0.03803131991051454
0.9082831421456995,0.1519805872385498,0.48327205686640295,0.5,0.0,0.0,0.07473214273090757,0.0003295484243686078,0.4103054110986709,0.3622043758964196,0.5259375544479901,0.4797018153051157,0.2952892876486148,0.48666666666666664,0.041014168530947054
0.9082831421456995,0.1519805872385498,0.48327205686640295,0.666666666666667,0.0,0.0,0.06227678560908964,0.0,0.37944764619687876,0.6819185923130267,0.285405852261535,0.43536281964766976,0.49504091398549493,0.3977777777777778,0.029082774049217
0.9082831421456995,0.1519805872385498,0.48327205686640295,0.666666666666667,0.0,0.0,0.07473214273090757,0.0004576378593429179,0.421698492507205,0.4440686138920609,0.43352903524256275,0.49753391121209056,0.3672695569645704,0.3844444444444445,0.027591349739000747
0.9082831421456995,0.1519805872385498,0.48327205686640295,0.666666666666667,0.0,0.0,0.11209821409636135,0.0018305514373716707,0.43800828538125963,0.3076332235351702,0.5636483165076189,0.42485397307670647,0.24973482792793422,0.32666666666666666,0.03131991051454139
0.9082831421456995,0.1519805872385498,0.48327205686640295,0.666666666666667,0.0,0.0,0.07099553559436218,0.00032034650154004213,0.3697602736339319,0.2868782737990465,0.6590448998463858,0.4176420195476144,0.20634129256000994,0.28,0.019388516032811335
0.9999999999999999,0.4287848657950717,5.551115123125783e-17,0.6166666666666667,0.0,0.27771428571428575,0.0,0.005105140283332146,0.33064494056603094,0.5913657234215588,0.3836492719145919,0.5441324664457604,0.3030260650252433,0.23725422222222223,0.18120805369127518
0.9999999999999999,0.4287848657950717,5.551115123125783e-17,0.686666666666667,0.0,0.34714285714285714,0.0,0.005105140283332146,0.2832712099717468,0.6190932320539169,0.4277828912725869,0.4916621317667903,0.26198632951867257,0.15247633333333335,0.17300521998508575
0.9999999999999999,0.4287848657950717,5.551115123125783e-17,0.71,0.0,0.4165714285714286,0.0,0.005105140283332146,0.2275390734908651,0.6123461740602539,0.4854775982652277,0.5183465663916096,0.2217493338128877,0.1141386666666667,0.12602535421327365
0.9999999999999999,0.4287848657950717,5.551115123125783e-17,0.5966666666666667,0.0,0.27771428571428575,0.0,0.005926621347781782,0.3209453313159224,0.6085496103621808,0.36641907271741436,0.5804322098158763,0.3110494591734512,0.31052653333333324,0.14690529455630127
0.9999999999999999,0.4287848657950717,5.551115123125783e-17,0.6600000000000001,0.0,0.34714285714285714,0.0,0.005926621347781782,0.27066768640890865,0.6447602875781898,0.40086724185265915,0.5433036680558699,0.2732194718727762,0.22936088888888898,0.168530947054437
0.9999999999999999,0.4287848657950717,5.551115123125783e-17,0.6800000000000002,0.0,0.4165714285714286,0.0,0.005926621347781782,0.21333256947293555,0.6453622553579955,0.4544029906731792,0.5677877127030624,0.23619142208721022,0.21991955555555542,0.15958240119313943
0.9999999999999999,0.4287848657950717,5.551115123125783e-17,0.6133333333333333,0.0,0.27771428571428575,0.0,0.005105140283332146,0.2843145300003011,0.5488278582689953,0.44020308128390967,0.6398375449801293,0.3106482633539127,0.22538755555555542,0.15734526472781507
0.9999999999999999,0.4287848657950717,5.551115123125783e-17,0.6600000000000001,0.0,0.34714285714285714,0.0,0.005105140283332146,0.24974206949492767,0.5358243215091172,0.5042575971616066,0.5962145585435541,0.26198632951867257,0.14060844444444456,0.13049962714392244
0.9999999999999999,0.4287848657950717,5.551115123125783e-17,0.6966666666666668,0.0,0.4165714285714286,0.0,0.005105140283332146,0.20599494698329723,0.5265927167763005,0.5749726265874175,0.5523083646788313,0.21292320743262672,0.1311659111111112,0.10738255033557047
0.9999999999999999,0.4287848657950717,5.551115123125783e-17,0.6166666666666667,0.0,0.2661428571428572,0.0,0.005105140283332146,0.3414383620797347,0.5374887778937547,0.418239491548611,0.5511947648272302,0.3259132318270024,0.25843600000000005,0.12005965697240867
0.9999999999999999,0.4287848657950717,5.551115123125783e-17,0.6766666666666667,0.0,0.3355714285714286,0.0,0.005105140283332146,0.3264840172237108,0.5193680370000225,0.46817203046524863,0.49991716286930077,0.2374150666877463,0.1855273333333334,0.0894854586129754
0.9999999999999999,0.4287848657950717,5.551115123125783e-17,0.7000000000000002,0.0,0.405,0.0,0.005105140283332146,0.2616337080517246,0.5468944847055396,0.5316803922968873,0.44687775250620787,0.23741471852603757,0.14821977777777767,0.07606263982102908
0.6389068833028816,0.0,0.9676310211172191,0.666666666666667,0.0,0.2082857142857143,0.0,0.01757016457202329,0.2808026964981499,0.6415166486932542,0.41824668153147887,0.4677860418087604,0.3675076873292302,0.5888888888888889,0.09470544369873228
0.6389068833028816,0.0,0.9676310211172191,0.666666666666667,0.0,0.24300000000000002,0.0,0.01757016457202329,0.23714822198048296,0.6482295161126264,0.45954991001165274,0.46805464052191026,0.34480148892872325,0.4644444444444446,0.09470544369873228
0.6389068833028816,0.0,0.9676310211172191,0.666666666666667,0.0,0.2661428571428572,0.0,0.01757016457202329,0.20502188093456641,0.6221521788294618,0.5307641471898399,0.43036239585706004,0.2842516265273713,0.5688888888888888,0.10961968680089484
0.6389068833028816,0.0,0.9676310211172191,0.666666666666667,0.0,0.3008571428571429,0.0,0.01757016457202329,0.220830116821632,0.6261029569394535,0.5168455470801869,0.41007826340734665,0.2842516265273713,0.3888888888888889,0.1185682326621924
0.6389068833028816,0.0,0.9676310211172191,0.20000000000000018,0.0,0.23142857142857146,0.0,0.01443463501380152,0.14549778521000178,0.5359926718411183,0.6520673024769654,0.49353924478234834,0.22370176412601933,0.8622222222222222,0.08128262490678599
0.6389068833028816,0.0,0.9676310211172191,0.3333333333333335,0.0,0.23142857142857146,0.0,0.015479811533208779,0.1760074826260341,0.5427762143558151,0.6262049030082564,0.45368043425886717,0.23127049692618834,0.6844444444444444,0.08053691275167786
0.6389068833028816,0.0,0.9676310211172191,0.5,0.0,0.23142857142857146,0.0,0.01652498805261603,0.18463443314066802,0.6164295365974132,0.5387083559616013,0.4878768979929564,0.2918203593275403,0.6022222222222221,0.10067114093959732
0.6389068833028816,0.0,0.9676310211172191,0.8333333333333335,0.0,0.23142857142857146,0.0,0.018615341091430548,0.28971466665744255,0.6798085908472495,0.3889698331459807,0.4232164434201482,0.3675076873292302,0.3933333333333334,0.09172259507829979
0.7860262484132149,0.3109283708539574,0.3806864892645525,0.666666666666667,0.0,0.37028571428571433,0.0,0.01757016457202329,0.11727024406776267,0.5957420860289733,0.643293379751932,0.4503869762542385,0.23883922972635735,0.0866666666666668,0.06935123042505593
0.7860262484132149,0.3109283708539574,0.3806864892645525,0.3866666666666667,0.0,0.24300000000000002,0.0,0.015479811533208779,0.202140842241265,0.5491708139839321,0.5913334229867466,0.4556896197624394,0.2842516265273713,0.6155555555555556,0.058165548098434
0.7860262484132149,0.3109283708539574,0.3806864892645525,0.5366666666666666,0.0,0.34714285714285714,0.0,0.01652498805261603,0.2313335029167553,0.53112969168811,0.5964219262029271,0.3948458446616203,0.2539766953266953,0.22888888888888884,0.04325130499627144
0.7860262484132149,0.3109283708539574,0.3806864892645525,0.666666666666667,0.0,0.2545714285714286,0.0,0.01757016457202329,0.3054615704524851,0.5903533600232171,0.4513521761267327,0.4272728891672096,0.3599389545290613,0.2977777777777779,0.04623415361670395
0.7860262484132149,0.3109283708539574,0.3806864892645525,0.8333333333333335,0.0,0.2661428571428572,0.0,0.018615341091430548,0.37606285623228436,0.6246313412687576,0.36573052163534436,0.36165795026599845,0.3826451529295682,0.23333333333333334,0.036539895600298286
0.7860262484132149,0.3109283708539574,0.3806864892645525,0.666666666666667,0.0,0.2892857142857143,0.0,0.01757016457202329,0.297560487254364,0.5631471702586568,0.4940595290998359,0.3990372352198297,0.2993890921277093,0.34888888888888897,0.03504847129008203
0.7860262484132149,0.3109283708539574,0.3806864892645525,0.666666666666667,0.0,0.3124285714285715,0.0,0.01757016457202329,0.2425754696589137,0.5501318021440244,0.5635223727912759,0.40521987059410136,0.26911416092703333,0.3066666666666666,0.03803131991051454
0.7860262484132149,0.3109283708539574,0.3806864892645525,0.666666666666667,0.0,0.34714285714285714,0.0,0.01757016457202329,0.24816035324253838,0.5616134879925172,0.5545495834187428,0.3830411872354619,0.2615454281268643,0.17111111111111119,0.042505592841163314
0.7860262484132149,0.3109283708539574,0.3806864892645525,0.666666666666667,0.0,0.35871428571428576,0.0,0.01757016457202329,0.20545038187757708,0.5407940531356326,0.6171964136728836,0.39078175167941975,0.22370176412601933,0.2022222222222221,0.041759880686055184
0.6389068833028816,0.0,0.9676310211172191,0.666666666666667,0.0,0.2545714285714286,0.0,0.018615341091430548,0.220830116821632,0.6261029569394535,0.5168455470801869,0.41007826340734665,0.2842516265273713,0.6422222222222224,0.07233407904548844
0.6389068833028816,0.0,0.9676310211172191,0.666666666666667,0.0,0.2661428571428572,0.0,0.018615341091430548,0.21352411492677842,0.6230282756571424,0.5184064126531387,0.43724755022065853,0.2918203593275403,0.5733333333333333,0.07457121551081283
0.6389068833028816,0.0,0.9676310211172191,0.666666666666667,0.0,0.3008571428571429,0.0,0.018615341091430548,0.19063296452282402,0.6400392404830711,0.5382531013456686,0.4065933366765142,0.2842516265273713,0.44888888888888895,0.0738255033557047
0.6389068833028816,0.0,0.9676310211172191,0.666666666666667,0.0,0.3124285714285715,0.0,0.018615341091430548,0.21458813854896636,0.6256345104337855,0.5252307018666664,0.4065933366765141,0.27668289372720234,0.4288888888888888,0.07307979120059657
0.6389068833028816,0.0,0.9676310211172191,0.7133333333333334,0.0,0.32400000000000007,0.0,0.018615341091430548,0.11505396116615053,0.6309136632923499,0.6206116098786416,0.4305038905879771,0.24640796252652636,0.18888888888888888,0.07233407904548844
0.2417412401765151,0.38478453117904354,0.8204916524062319,0.666666666666667,0.0,0.27771428571428575,0.0,0.0562416957900918,0.33298796395642644,0.5296636106598909,0.49359947404442056,0.3759443171567257,0.6070876599785857,0.888888888888889,0.1871737509321402
0.2417412401765151,0.38478453117904354,0.8204916524062319,0.666666666666667,0.0,0.27771428571428575,0.0,0.0562416957900918,0.3503070337454235,0.5519421188422372,0.4680519855791983,0.33613986641567917,0.6061028408950664,0.9333333333333333,0.1871737509321402
0.2417412401765151,0.38478453117904354,0.8204916524062319,0.666666666666667,0.0,0.3355714285714286,0.0,0.06982899054238612,0.3022974368024286,0.465362610356512,0.5852293754595885,0.3755535382250338,0.560716384447872,0.6222222222222222,0.07449664429530202
0.2417412401765151,0.38478453117904354,0.8204916524062319,0.8333333333333335,0.0,0.27771428571428575,0.0,0.0583320488289063,0.39904083069687796,0.5624341174856348,0.40926587075197624,0.32521556216666014,0.6297236397869783,0.7555555555555555,0.07166293810589112
0.2417412401765151,0.38478453117904354,0.8204916524062319,0.8333333333333335,0.0,0.3355714285714286,0.0,0.07296452010060789,0.3411772476348651,0.5164144570819006,0.4987056735775795,0.36991823826952275,0.6016896446476805,0.48888888888888893,0.06189410887397465
0.2417412401765151,0.38478453117904354,0.8204916524062319,0.8333333333333335,0.0,0.405,0.0,0.08759699137230949,0.2734864638385063,0.4568666866912751,0.6298579310308348,0.3588767846603128,0.5338525441196846,0.4666666666666667,0.0464578672632364
0.2417412401765151,0.38478453117904354,0.8204916524062319,1.0,0.0,0.19671428571428576,0.0,0.04578993059601923,0.4155973671049145,0.7186914087846976,0.23169205409831167,0.379514514105857,0.7408710347508072,0.5111111111111112,0.0464578672632364
0.2417412401765151,0.38478453117904354,0.8204916524062319,1.0,0.0,0.27771428571428575,0.0,0.06146757838712808,0.36870811943443615,0.6512103316298182,0.3488007994429845,0.36431983309180416,0.6773977619045264,0.5333333333333333,0.06793437733035049
0.2417412401765151,0.38478453117904354,0.8204916524062319,1.0,0.0,0.27771428571428575,0.0,0.06146757838712808,0.37519470830620466,0.648304249527743,0.3430831506840468,0.3681524314461708,0.6811646009147503,0.5333333333333333,0.0610738255033557
0.2417412401765151,0.38478453117904354,0.8204916524062319,1.0,0.0,0.3355714285714286,0.0,0.07610004965882966,0.3266421745294591,0.5498229376471162,0.4750904945251842,0.3972464949348272,0.6245152968653909,0.4222222222222222,0.06592095451155854
0.2417412401765151,0.38478453117904354,0.8204916524062319,1.0,0.0,0.405,0.0,0.09177769744993852,0.2865874284125728,0.5140862161237005,0.562844597549393,0.36196386369399125,0.5694758699895677,0.4444444444444445,0.06592095451155854
0.2417412401765151,0.38478453117904354,0.8204916524062319,0.666666666666667,0.0,0.27771428571428575,0.0,0.0562416957900918,0.3605083320520187,0.46751467152427156,0.5393810577733371,0.31806641673398106,0.5612748796474778,0.5333333333333333,0.06592095451155854
0.2417412401765151,0.38478453117904354,0.8204916524062319,0.8333333333333335,0.0,0.3355714285714286,0.0,0.07296452010060789,0.32809681523113826,0.5117425166360904,0.5211201410800466,0.3581472894448898,0.5869597552143679,0.5777777777777778,0.06592095451155854
0.2417412401765151,0.38478453117904354,0.8204916524062319,0.666666666666667,0.0,0.2661428571428572,0.0,0.08341628529468045,0.303896704671537,0.5065910322431749,0.5410514002610842,0.39087643649669346,0.5891789394091314,0.6666666666666667,0.06592095451155854
0.2417412401765151,0.38478453117904354,0.8204916524062319,1.0,0.0,0.3355714285714286,0.0,0.11477158087689818,0.27015036852988167,0.5495949960524065,0.5320323001027079,0.4111361313989924,0.6035078331320196,0.48888888888888893,0.06592095451155854
0.2417412401765151,0.38478453117904354,0.8204916524062319,0.666666666666667,0.0,0.2661428571428572,0.0,0.029067106285503113,0.3366025528112795,0.5626039240978608,0.43717503430777144,0.44330452074135673,0.6590862573779102,0.7555555555555555,0.06592095451155854
0.2417412401765151,0.38478453117904354,0.8204916524062319,0.8333333333333335,0.0,0.3355714285714286,0.0,0.03742851844076117,0.3028365427203495,0.5531728086530395,0.4755752909301941,0.46357978596083516,0.648156998211755,0.5555555555555556,0.06592095451155854
0.2417412401765151,0.38478453117904354,0.8204916524062319,1.0,0.0,0.3818571428571429,0.0,0.04788028363483374,0.2764810865569424,0.5160150057493602,0.5552795205313836,0.4118103490066529,0.5908125774335118,0.2,0.06592095451155854
0.2417412401765151,0.38478453117904354,0.8204916524062319,0.8333333333333335,0.0,0.13885714285714287,0.0,0.04578993059601923,0.397555816725744,0.6599903825223312,0.285506076616846,0.4354693270323582,0.7321883251597121,0.7333333333333334,0.06592095451155854
0.7061261625556002,0.31762195559167283,0.45111723444154694,0.5,0.4444444444444445,0.2661428571428572,0.27401785667999445,0.9740860894342859,0.5149766981802343,0.34834321325018525,0.4586838167321076,0.3788271705974925,0.12875640290877327,0.16244444444444445,0.019271720357941835
0.7061261625556002,0.31762195559167283,0.45111723444154694,0.5,0.4444444444444445,0.2661428571428572,0.2615624995581765,0.9990504569205014,0.5466296812292488,0.27455934245686886,0.508883237371333,0.3257160442267102,0.09248303356202175,0.1977777777777778,0.034957444444444444
0.7061261625556002,0.31762195559167283,0.45111723444154694,0.8333333333333335,0.4444444444444445,0.27771428571428575,0.27401785667999445,0.9750808488509037,0.5650787370834472,0.31477168825627033,0.4398250829785763,0.36321766997006555,0.12257970187601691,0.09644444444444444,0.005392467337807606
0.7061261625556002,0.31762195559167283,0.45111723444154694,0.8333333333333335,0.4444444444444445,0.27771428571428575,0.2615624995581765,1.0,0.5725501591314475,0.31080016123427706,0.43977033012445904,0.34993855948792607,0.11900214749788574,0.138,0.011906576435495898
0.7658235256560323,0.36202957200597274,0.32860329077215833,0.7225166666666669,0.0,0.34714285714285714,0.0,0.02875041780012272,0.25412404859719656,0.49454935859709886,0.573675713286472,0.48688501184983046,0.055694493279883045,0.2686666666666668,0.08284862043251305
0.7658235256560323,0.36202957200597274,0.32860329077215833,0.8467000000000002,0.0,0.3355714285714286,0.0,0.02982276890903456,0.24101957995219908,0.6085515258095516,0.5860699237225337,0.18675960688259033,0.029412988779445842,0.46644444444444433,0.06875466070096943
0.7658235256560323,0.36202957200597274,0.32860329077215833,0.3333333333333335,0.0,0.34714285714285714,0.14946428546181514,0.34262006210768015,0.4810207780909263,0.9999999999999999,0.0,0.14828585802676933,0.26911416092703333,0.7977777777777779,1.0
0.7658235256560323,0.36202957200597274,0.32860329077215833,0.5,0.0,0.34714285714285714,0.14946428546181514,0.35307182730175274,0.5139990676669156,0.900450831260062,0.030835305646346733,0.17167731415884271,0.2842516265273713,0.6888888888888889,0.9120059656972409
0.5704887848684016,0.5127462332218587,0.3107381934614043,0.3333333333333335,0.0,0.34714285714285714,0.0,0.3321682969136076,0.278863862990111,0.6640711317819621,0.4037273739277493,0.4566277797677365,0.12833573084389,0.5444444444444445,0.04399701715137957
0.5704887848684016,0.5127462332218587,0.3107381934614043,0.666666666666667,0.0,0.34714285714285714,0.0,0.34262006210768015,0.27556603403251206,0.5768168802967576,0.4987431413263759,0.4247303395876365,0.14725756284431252,0.48888888888888893,0.020879940343027592
0.7908477459137478,0.4074493567955372,0.2393303418808842,0.0,0.0,0.0,0.12455357121817928,0.06366776103335939,0.38701337779913303,0.35472037157973374,0.5053717353134213,0.6358468009575317,0.8675619688390048,0.060000000000000005,0.0
0.7908477459137478,0.4074493567955372,0.2393303418808842,0.0,0.0,0.0,0.12455357121817928,0.06373154445589072,0.3670409815293485,0.373186813709918,0.4987628864885128,0.6703318966685237,0.8218385436760267,0.08222222222222222,0.0
0.7908477459137478,0.4074493567955372,0.2393303418808842,0.16666666666666696,0.0,0.0,0.12455357121817928,0.06768778973144936,0.4488767891698325,0.3853361879552897,0.41655997037872755,0.6176811683901117,0.720745532969669,0.11333333333333333,0.0
0.7908477459137478,0.4074493567955372,0.2393303418808842,0.16666666666666696,0.0,0.0,0.12455357121817928,0.07400027996803538,0.414388623179952,0.41536688229846336,0.38526211686092465,0.7411774680095881,0.3356421419472207,0.11555555555555556,0.0
0.7908477459137478,0.4074493567955372,0.2393303418808842,0.16666666666666696,0.0,0.0,0.12455357121817928,0.07351824704348625,0.40015461201551644,0.44145485548785973,0.347946867542929,0.827786501362864,0.42823968819665,0.16,0.0
0.7908477459137478,0.4074493567955372,0.2393303418808842,0.16666666666666696,0.0,0.0,0.12455357121817928,0.07391627888463882,0.40064606308105,0.45330817785646277,0.3337486844467477,0.8365286142304417,0.44561384052841163,0.11333333333333333,0.0
0.7908477459137478,0.4074493567955372,0.2393303418808842,0.3666666666666667,0.0,0.0,0.24910714243635856,0.07016199201730439,0.5510131547733258,0.4026913660031,0.3167653313354998,0.5377904750145215,0.4611264098373031,0.13555555555555554,0.0
0.7908477459137478,0.4074493567955372,0.2393303418808842,0.3666666666666667,0.0,0.0,0.24910714243635856,0.0701920814293938,0.5293474868215856,0.41780490286116395,0.30142526217935606,0.6126150692984421,0.42826062707145846,0.1288888888888889,0.0
0.7908477459137478,0.4074493567955372,0.2393303418808842,0.0,0.0,0.0,0.04110267850199917,0.06157140608034895,0.32086506901602746,0.4306113360488751,0.49742137682907145,0.6692392051332865,0.35840372020199224,0.13777777777777778,0.0
0.7908477459137478,0.4074493567955372,0.2393303418808842,0.0,0.0,0.0,0.04110267850199917,0.06385215343090907,0.2974601046170582,0.4515636584888076,0.4868007793662971,0.7200234277924361,0.2928628271146954,0.14222222222222222,0.0
0.7908477459137478,0.4074493567955372,0.2393303418808842,0.0,0.0,0.0,0.04110267850199917,0.06968013223078322,0.3488595380011521,0.44996466902627913,0.364542371357177,0.9211402556299472,0.274639542523114,0.14222222222222222,0.0
0.7908477459137478,0.4074493567955372,0.2393303418808842,0.16666666666666696,0.0,0.0,0.04110267850199917,0.06777278152231275,0.41474564768524363,0.4424407509303893,0.39448336226521935,0.6401009451605945,0.42701549601193994,0.1488888888888889,0.0
0.7908477459137478,0.4074493567955372,0.2393303418808842,0.16666666666666696,0.0,0.0,0.04110267850199917,0.06763811757116325,0.3852251565004169,0.46573496061037306,0.3628474433276557,0.7666429706112963,0.6846628728055584,0.10666666666666667,0.0
0.7908477459137478,0.4074493567955372,0.2393303418808842,0.16666666666666696,0.0,0.0,0.04110267850199917,0.07395389792843743,0.3863937892312829,0.4657280882163584,0.33522866558850345,0.8447946274150979,0.6607303728156786,0.09777777777777778,0.0
0.7908477459137478,0.4074493567955372,0.2393303418808842,0.0,0.0,0.0,0.06227678560908964,0.061748105720103065,0.3677250376028285,0.376607112699273,0.5032969927540867,0.6455116877506483,0.268940267453197,0.1288888888888889,0.0
0.7908477459137478,0.4074493567955372,0.2393303418808842,0.0,0.0,0.0,0.06227678560908964,0.06174136741613318,0.36451634444664255,0.3863439258653205,0.48695036259829055,0.6782284253852731,0.2874921351612615,0.12000000000000001,0.0
0.7908477459137478,0.4074493567955372,0.2393303418808842,0.0,0.0,0.0,0.06227678560908964,0.07012281166494483,0.3393040368911346,0.4148007503307201,0.4348574265507161,0.8377038112235637,0.3755779088994961,0.11777777777777777,0.0
0.7908477459137478,0.4074493567955372,0.2393303418808842,0.16666666666666696,0.0,0.0,0.06227678560908964,0.06558445661312325,0.43670934543010614,0.40511399696559586,0.40766501686525575,0.6302661108220396,0.3494726140205258,0.06222222222222222,0.0
0.7908477459137478,0.4074493567955372,0.2393303418808842,0.16666666666666696,0.0,0.0,0.06227678560908964,0.0657132448074028,0.4000922924166841,0.439372029299766,0.3736859103539217,0.7572443268276703,0.36413044940507217,0.06666666666666667,0.0
0.7908477459137478,0.4074493567955372,0.2393303418808842,0.16666666666666696,0.0,0.0,0.06227678560908964,0.06574834499858123,0.4124760326891557,0.43589822840034903,0.3417999295961363,0.821185809170373,0.44353655830444066,0.06888888888888889,0.0
0.7908477459137478,0.4074493567955372,0.2393303418808842,0.3666666666666667,0.0,0.0,0.07473214273090757,0.07886881691783719,0.5263545715275534,0.43321547565020574,0.2884316432125835,0.6194826338462575,0.46452044623881855,0.05777777777777778,0.0
0.7908477459137478,0.4074493567955372,0.2393303418808842,0.3666666666666667,0.0,0.0,0.09216964270145267,0.07865657483370003,0.5407986310460754,0.41924482620618014,0.3084423952141967,0.5510267302182408,0.9011609529681328,0.06444444444444444,0.0
0.6175059743947074,0.34148447856575076,0.5059814984659646,0.16666666666666696,0.0,0.0,0.12455357121817928,0.07416027138604785,0.426494062426195,0.4090415125309805,0.3474469519154545,0.831243275211468,0.8856262326495714,0.06888888888888889,0.12527218493661446
0.6175059743947074,0.34148447856575076,0.5059814984659646,0.16666666666666696,0.0,0.0,0.12455357121817928,0.0740437538282743,0.4481440359883155,0.37906821559918225,0.3848623832960891,0.7308433953380746,0.8302973660999677,0.05333333333333334,0.2115137956748695
0.6175059743947074,0.34148447856575076,0.5059814984659646,0.16666666666666696,0.0,0.0,0.12455357121817928,0.0740415122126438,0.48259932270280387,0.35311998741305434,0.4055832038870862,0.6278739094805413,0.7421819797249569,0.05111111111111111,0.36260253542132737
0.6175059743947074,0.34148447856575076,0.5059814984659646,0.0,0.0,0.0,0.12455357121817928,0.06979543530090114,0.4560363436404425,0.3970072821510035,0.38606879738810634,0.6537286727485595,0.41723038523630446,0.05333333333333334,0.4721923937360179
0.6175059743947074,0.34148447856575076,0.5059814984659646,0.0,0.0,0.0,0.12455357121817928,0.06984823450075073,0.4335255038429428,0.41416589208671567,0.3645888255236175,0.7440029917891805,0.4750065449455228,0.05555555555555556,0.27026845637583896
0.6175059743947074,0.34148447856575076,0.5059814984659646,0.3666666666666667,0.0,0.0,0.24910714243635856,0.07869511092311215,0.43094005427265986,0.41514376877058495,0.33664054540724303,0.832595284503847,0.5216753585124192,0.05777777777777778,0.158806860551827
0.6175059743947074,0.34148447856575076,0.5059814984659646,0.3666666666666667,0.0,0.0,0.24910714243635856,0.07876837171421204,0.37721181143704274,0.4828268969153528,0.31382646395937464,0.8920252625120136,0.5389433148162308,0.08444444444444445,0.1915510812826249
0.6175059743947074,0.34148447856575076,0.5059814984659646,0.16666666666666696,0.0,0.0,0.12455357121817928,0.07392627132356712,0.3767775380440128,0.49262578611367486,0.33897107754885586,0.7925920642965574,0.48513048722387914,0.0911111111111111,0.30441461595824015
0.6175059743947074,0.34148447856575076,0.5059814984659646,0.16666666666666696,0.0,0.0,0.12455357121817928,0.07389505626261976,0.4099443473586168,0.4646803700285322,0.3658235662186525,0.6809479663044182,0.3930069298151357,0.07555555555555556,0.5352796420581656
0.6175059743947074,0.34148447856575076,0.5059814984659646,0.16666666666666696,0.0,0.0,0.06227678560908964,0.06768897459071606,0.3093433654950603,0.590262175849276,0.3460368726131146,0.7273051735900931,0.3834179166391393,0.07111111111111111,0.554489187173751
0.6175059743947074,0.34148447856575076,0.5059814984659646,0.16666666666666696,0.0,0.0,0.06227678560908964,0.06773491562319374,0.3156755447991613,0.5864734831698386,0.3500701172032381,0.7050863397766486,0.3642530337013608,0.07333333333333333,0.6360626398210292
0.6175059743947074,0.34148447856575076,0.5059814984659646,0.16666666666666696,0.0,0.0,0.06227678560908964,0.06764579799247628,0.2829183876670419,0.6029375226286383,0.3116457866556753,0.8805046589419847,0.4915777292538867,0.08,0.3113199105145414
0.6175059743947074,0.34148447856575076,0.5059814984659646,0.0,0.0,0.0,0.06227678560908964,0.06374903626787662,0.31669606270680933,0.574105026304467,0.27810231290593207,0.9483679973031385,0.5385057819224897,0.09333333333333334,0.21945563012677105
0.6175059743947074,0.34148447856575076,0.5059814984659646,0.0,0.0,0.0,0.06227678560908964,0.06377032348209222,0.37180181266419604,0.49201806744217086,0.3783753048891754,0.6934137243420465,0.7437840810784766,0.08444444444444445,0.3567636092468307
0.6175059743947074,0.34148447856575076,0.5059814984659646,0.0,0.0,0.0,0.06227678560908964,0.06373757430473034,0.38262487903798054,0.4766611932528087,0.3908753280233452,0.66262084590321,0.7112169102546904,0.07555555555555556,0.36259507829977633
0.6175059743947074,0.34148447856575076,0.5059814984659646,0.0,0.0,0.0,0.06227678560908964,0.06376000939779385,0.3557418011819393,0.5260668654572535,0.3686979154039285,0.6826106611416394,0.35121667094803183,0.08222222222222222,0.4520283370618941
0.6175059743947074,0.34148447856575076,0.5059814984659646,0.0,0.0,0.0,0.06227678560908964,0.06374849144443416,0.3429642567211002,0.5463645363855432,0.3530515729798124,0.7157895913745246,0.37549764503096167,0.07111111111111111,0.4102908277404922
0.6175059743947074,0.34148447856575076,0.5059814984659646,0.16666666666666696,0.0,0.0,0.04110267850199917,0.06564763394249504,0.30938597275227603,0.57009153631812,0.31841969446048374,0.8631382928457874,0.47743186567345447,0.060000000000000005,0.26252796420581653
0.6175059743947074,0.34148447856575076,0.5059814984659646,0.16666666666666696,0.0,0.0,0.04110267850199917,0.06563770604491752,0.439679962485283,0.4195861844525867,0.33013481664378924,0.8117998346083121,0.882952004776766,0.06444444444444444,0.1491275167785235
0.6175059743947074,0.34148447856575076,0.5059814984659646,0.16666666666666696,0.0,0.0,0.04110267850199917,0.06564434735950853,0.5213684123555133,0.4448359728690789,0.27073466474330976,0.6568845563328908,0.44261438431335515,0.05111111111111111,0.13969425801640567
0.6175059743947074,0.34148447856575076,0.5059814984659646,0.0,0.0,0.0,0.04110267850199917,0.06195173594778439,0.5188752876910022,0.44727877456181425,0.2897638404723218,0.6019445336345132,0.4381158691250034,0.05333333333333334,0.20164802386278896
0.6175059743947074,0.34148447856575076,0.5059814984659646,0.0,0.0,0.0,0.04110267850199917,0.061670782138652326,0.5313088133844339,0.4228183560409096,0.30266539789624,0.5891738166129532,0.5140161651033743,0.060000000000000005,0.16950782997762864
0.6175059743947074,0.34148447856575076,0.5059814984659646,0.0,0.0,0.0,0.04110267850199917,0.061808827550788266,0.5243928575237917,0.41566684555868244,0.29359388954029203,0.6575442324762034,0.5265699770135697,0.05555555555555556,0.11888888888888889
0.6175059743947074,0.34148447856575076,0.5059814984659646,0.3666666666666667,0.0,0.0,0.09216964270145267,0.07240609897798923,0.4867982344220663,0.4665492103108532,0.2706744591697425,0.7103105900833534,0.425508420783867,0.05333333333333334,0.13969425801640567
0.6175059743947074,0.34148447856575076,0.5059814984659646,0.0,0.0,0.0,0.04110267850199917,0.061746637054550656,0.38529105565739885,0.5073960106951119,0.29289304323675286,0.8621874453680285,0.9117650489730065,0.05333333333333334,0.12527218493661446
0.6175059743947074,0.34148447856575076,0.5059814984659646,0.3666666666666667,0.0,0.0,0.07473214273090757,0.06764761478660573,0.26417550081258895,0.6341401514380834,0.2958584879933986,0.9040999201824963,0.49151453950959617,0.05555555555555556,0.26252796420581653
0.6175059743947074,0.34148447856575076,0.5059814984659646,0.3666666666666667,0.0,0.0,0.07473214273090757,0.06757793875165674,0.3030981693174237,0.5979801227225637,0.33407552100051496,0.7622199593826947,0.39654779116300815,0.05555555555555556,0.26252796420581653
0.5912694307826855,0.4847913680181559,0.3295015997791617,0.16666666666666696,0.0,0.0,0.12455357121817928,0.07394861994750226,0.3267288108807556,0.6073302612378032,0.2524381639080281,0.9030548042081719,0.9695671563506822,0.06666666666666667,0.4102908277404922
0.5912694307826855,0.4847913680181559,0.3295015997791617,0.16666666666666696,0.0,0.0,0.12455357121817928,0.0737997848302894,0.30427028143911533,0.6152311586066125,0.298278942882061,0.8183452647701343,0.9207300446968643,0.09555555555555556,0.2091275167785235
0.5912694307826855,0.4847913680181559,0.3295015997791617,0.16666666666666696,0.0,0.0,0.12455357121817928,0.07389142396363484,0.3272994700267339,0.5945985483669332,0.3334047644957397,0.6952474378188885,0.8115397457676354,0.07555555555555556,0.2985756897837435
0.5912694307826855,0.4847913680181559,0.3295015997791617,0.16666666666666696,0.0,0.0,0.12455357121817928,0.07395111882437193,0.32560895677094953,0.6012646316704786,0.25972537454858624,0.9013167139233563,0.9610536500729254,0.08,0.46444444444444444
0.5912694307826855,0.4847913680181559,0.3295015997791617,0.16666666666666696,0.0,0.0,0.12455357121817928,0.07428015589139376,0.32480918821855864,0.6070774705377454,0.25240823555139047,0.9100102712721244,0.5218131600083276,0.05777777777777778,0.17923191648023865
0.5912694307826855,0.4847913680181559,0.3295015997791617,0.0,0.0,0.0,0.12455357121817928,0.06976678491329277,0.3041036694716268,0.6216906124069084,0.2886315805669802,0.8301740692774774,0.474764634763114,0.06888888888888889,0.2468903803131991
0.5912694307826855,0.4847913680181559,0.3295015997791617,0.0,0.0,0.0,0.12455357121817928,0.0684960073369279,0.3302688872892579,0.603012909879229,0.2546661405651048,0.8966085551999915,0.5260486390476955,0.07777777777777778,0.34894108873974644
0.5912694307826855,0.4847913680181559,0.3295015997791617,0.16666666666666696,0.0,0.0,0.12455357121817928,0.07365053338309387,0.3284486925037151,0.5984419004425516,0.3259720320118007,0.703279941126999,0.40109663085962716,0.06888888888888889,0.2468903803131991
0.5912694307826855,0.4847913680181559,0.3295015997791617,0.16666666666666696,0.0,0.0,0.06227678560908964,0.06775285987901752,0.3072209105329823,0.6113059561011939,0.3332645597102122,0.7156083172590927,0.3952812913101346,0.09555555555555556,0.47038031319910517
0.5912694307826855,0.4847913680181559,0.3295015997791617,0.16666666666666696,0.0,0.0,0.06227678560908964,0.0676522188262066,0.2987520093097993,0.6113411694488828,0.30450261350505586,0.8281093386399911,0.47232066329739947,0.11111111111111112,0.5240044742729307
0.5912694307826855,0.4847913680181559,0.3295015997791617,0.16666666666666696,0.0,0.0,0.06227678560908964,0.0676714689055212,0.32278135065637265,0.5915514717931176,0.2691033159729167,0.9086631264194814,0.5112949802863922,0.09777777777777778,0.3391498881431767
0.5912694307826855,0.4847913680181559,0.3295015997791617,0.16666666666666696,0.0,0.0,0.06227678560908964,0.06766618344670304,0.2847960766585021,0.6181172454811704,0.2726330053994436,0.9494453419798115,0.5042794021841079,0.10222222222222221,0.22929903057419834
0.5912694307826855,0.4847913680181559,0.3295015997791617,0.16666666666666696,0.0,0.0,0.06227678560908964,0.06767963538645977,0.23613415920788106,0.6526672893986531,0.31751478775913794,0.8806195051163866,0.4538708108370822,0.1,0.24673378076062644
0.5912694307826855,0.4847913680181559,0.3295015997791617,0.0,0.0,0.0,0.06227678560908964,0.06373110017408849,0.25498333719014343,0.6257194845260816,0.3732400613402416,0.7268425798034289,0.34624565621648506,0.10666666666666667,0.34480238627889637
0.5912694307826855,0.4847913680181559,0.3295015997791617,0.0,0.0,0.0,0.06227678560908964,0.06375609725023221,0.2623545953593864,0.6153079632889261,0.38694937816837777,0.6903348789117663,0.3210753092058014,0.10666666666666667,0.5788366890380313
0.5912694307826855,0.4847913680181559,0.3295015997791617,0.0,0.0,0.0,0.06227678560908964,0.06376601030305638,0.2950286191825424,0.5657699019072583,0.4039221334298729,0.6674634208718065,0.7420711203669559,0.12444444444444444,0.594765100671141
0.5912694307826855,0.4847913680181559,0.3295015997791617,0.16666666666666696,0.0,0.0,0.04110267850199917,0.06565416531926101,0.2754148649188284,0.5941744577295993,0.3869458370646936,0.7048934802503644,0.7812932832454356,0.09777777777777778,0.43971662938105893
0.5912694307826855,0.4847913680181559,0.3295015997791617,0.16666666666666696,0.0,0.0,0.04110267850199917,0.06563922050076763,0.2550242099650032,0.6277414357671249,0.3746679539807782,0.7170559903358865,0.34010770737017704,0.10222222222222221,0.4007233407904549
0.5912694307826855,0.4847913680181559,0.3295015997791617,0.16666666666666696,0.0,0.0,0.04110267850199917,0.06556116101543424,0.2618196355168051,0.6122906258474577,0.3913678390679532,0.6870460805011245,0.3150603446578079,0.09555555555555556,0.5030126771066368
0.5912694307826855,0.4847913680181559,0.3295015997791617,0.0,0.0,0.0,0.04110267850199917,0.06174864635676657,0.2321230259416231,0.6580698026063584,0.31886311022437325,0.8750701438987597,0.4483081947713912,0.09555555555555556,0.5334526472781507
0.5912694307826855,0.4847913680181559,0.3295015997791617,0.0,0.0,0.0,0.04110267850199917,0.06179463076056602,0.36539689923703117,0.5353721883295766,0.295834577982241,0.842605419171878,0.9425362800025252,0.09777777777777778,0.2996793437733035
0.5912694307826855,0.4847913680181559,0.3295015997791617,0.0,0.0,0.0,0.04110267850199917,0.061755804875918856,0.46111814544206403,0.4947074147991231,0.2717624451769454,0.7143914484794097,0.36689206894102006,0.07777777777777778,0.19934377330350483
0.5912694307826855,0.4847913680181559,0.3295015997791617,0.0,0.0,0.0,0.04110267850199917,0.061806267582749104,0.45563172047581163,0.5027161774829632,0.2936746955193926,0.6456311380955893,0.37187824476047565,0.05555555555555556,0.13842654735272183
0.5912694307826855,0.4847913680181559,0.3295015997791617,0.3666666666666667,0.0,0.0,0.07473214273090757,0.06759782368925793,0.4558668615445896,0.49824044154464736,0.2987070738481187,0.6419486830156864,0.45988185111423135,0.05777777777777778,0.20724086502609992
0.5912694307826855,0.4847913680181559,0.3295015997791617,0.3666666666666667,0.0,0.0,0.09216964270145267,0.07236519763216971,0.4570664294081545,0.49479249447569656,0.2784623790341323,0.7073583875882687,0.48725307595204687,0.05555555555555556,0.19619686800894853
0.5912694307826855,0.4847913680181559,0.3295015997791617,0.3666666666666667,0.0,0.0,0.24910714243635856,0.07869192816799381,0.4495413524549959,0.5069759481706095,0.2953325954352961,0.6489308900360313,0.46525633518682813,0.05555555555555556,0.12387770320656226
0.5912694307826855,0.4847913680181559,0.3295015997791617,0.3666666666666667,0.0,0.0,0.24910714243635856,0.07875669106864372,0.3466009392023669,0.5545657197907442,0.28691195019956206,0.8782096792635127,0.48694976080870994,0.05555555555555556,0.19619686800894853
0.5912694307826855,0.4847913680181559,0.3295015997791617,0.3666666666666667,0.0,0.0,0.24910714243635856,0.0787223845841244,0.37092627637536596,0.5074770829000853,0.3732806827411625,0.669901047162828,0.7922900984552714,0.07111111111111111,0.2468903803131991
0.6517209062292649,0.4908653389690736,0.2604587840084297,0.16666666666666696,0.0,0.0,0.12455357121817928,0.07394489571829811,0.36999431192669124,0.4993728052878322,0.31052356491207844,0.8807326339514214,0.8883904475837916,0.08,0.46444444444444444
0.6517209062292649,0.4908653389690736,0.2604587840084297,0.16666666666666696,0.0,0.0,0.12455357121817928,0.07392099787169873,0.33871392743812884,0.552271555076878,0.29005409869013904,0.9004705998069616,0.8635185587763896,0.08444444444444445,0.16158090976882922
0.6517209062292649,0.4908653389690736,0.2604587840084297,0.16666666666666696,0.0,0.0,0.12455357121817928,0.07398268032687026,0.365544456980347,0.49229389936071893,0.34877669798295974,0.8006205180674788,0.8452141812776748,0.10222222222222221,0.14814317673378077
0.6517209062292649,0.4908653389690736,0.2604587840084297,0.0,0.0,0.0,0.12455357121817928,0.06965196600771756,0.3974972493999281,0.461113462194703,0.38186307473680586,0.6830770476371121,0.7528453916514655,0.1088888888888889,0.23425055928411634
0.6517209062292649,0.4908653389690736,0.2604587840084297,0.0,0.0,0.0,0.12455357121817928,0.06983333409580307,0.18897703964207574,0.579718893183784,0.45420565833636956,0.8228764324811408,0.729717433273884,0.11111111111111112,0.369634601043997
0.6517209062292649,0.4908653389690736,0.2604587840084297,0.3666666666666667,0.0,0.0,0.24910714243635856,0.07876051090863495,0.18869927482985427,0.5684557145719455,0.4788332249840706,0.7809358969863619,0.6855291158283854,0.11111111111111112,0.35070096942580165
0.6517209062292649,0.4908653389690736,0.2604587840084297,0.3666666666666667,0.0,0.0,0.24910714243635856,0.07866916804725023,0.3674406517165322,0.6103933901127783,0.262240138315539,0.7345177504697762,0.42659574262480987,0.1,0.3586577181208053
0.6517209062292649,0.4908653389690736,0.2604587840084297,0.16666666666666696,0.0,0.0,0.12455357121817928,0.07414228219300764,0.39790623144349935,0.5801553243619287,0.24250367646753967,0.7758842162249941,0.44450369124871,0.07333333333333333,0.17412378821774796
0.6517209062292649,0.4908653389690736,0.2604587840084297,0.16666666666666696,0.0,0.0,0.06227678560908964,0.06767174885800815,0.3808591941551724,0.4822361706285197,0.3745464511260998,0.7017897667112843,0.3547280266406055,0.060000000000000005,0.1273303504847129
0.6517209062292649,0.4908653389690736,0.2604587840084297,0.16666666666666696,0.0,0.0,0.06227678560908964,0.06772477876926014,0.3582637333692358,0.5036074822944941,0.3429477310116953,0.8110495766012485,0.4170756410537207,0.13333333333333333,0.37334824757643553
0.6517209062292649,0.4908653389690736,0.2604587840084297,0.16666666666666696,0.0,0.0,0.06227678560908964,0.06691606720792964,0.37141022972325993,0.5040716113400039,0.30309906733876096,0.8855875350574621,0.46193295051136823,0.12666666666666668,0.27744220730797914
0.6517209062292649,0.4908653389690736,0.2604587840084297,0.0,0.0,0.0,0.06227678560908964,0.06353296327584076,0.18085940975733744,0.5628706836501267,0.48954056910299076,0.7894331856581297,0.23579490233670353,0.14666666666666667,0.18258016405667413
0.6517209062292649,0.4908653389690736,0.2604587840084297,0.0,0.0,0.0,0.06227678560908964,0.06405055483401954,0.17958839301063118,0.5742611767589421,0.4667257951101497,0.8306501408019968,0.26179953658773386,0.13555555555555554,0.43470544369873226
0.6517209062292649,0.4908653389690736,0.2604587840084297,0.0,0.0,0.0,0.06227678560908964,0.06377988768040649,0.19056069671568976,0.5898674454542709,0.3916677639236516,0.9760144648738325,0.36330418254024427,0.13777777777777778,0.4160178970917226
0.6517209062292649,0.4908653389690736,0.2604587840084297,0.16666666666666696,0.0,0.0,0.04110267850199917,0.0656119624129293,0.3414649106309862,0.5289367738247418,0.3030462265091353,0.9156309902747896,0.45524940417323184,0.14444444444444446,0.2618791946308725
0.6517209062292649,0.4908653389690736,0.2604587840084297,0.16666666666666696,0.0,0.0,0.04110267850199917,0.0655403426808439,0.29621240352494727,0.5659753059435167,0.3363586885512031,0.8634494703572642,0.41122259306819225,0.1622222222222222,0.3289261744966443
0.6517209062292649,0.4908653389690736,0.2604587840084297,0.16666666666666696,0.0,0.0,0.04110267850199917,0.06568142396577606,0.30952965954201794,0.5652677081777159,0.3582921422739294,0.757368777234396,0.3548228015419265,0.17111111111111113,0.21325876211782252
0.6517209062292649,0.4908653389690736,0.2604587840084297,0.0,0.0,0.0,0.04110267850199917,0.06168277659478908,0.13036618230353858,0.6267512493343893,0.4644844738107577,0.8552757465668528,0.2817910071888687,0.16444444444444445,0.44290082028337063
0.6517209062292649,0.4908653389690736,0.2604587840084297,0.0,0.0,0.0,0.04110267850199917,0.0618430850546269,0.17967507375341962,0.5776568561613379,0.4717882864562332,0.806255043233641,0.2644184380767331,0.1622222222222222,0.5237061894108874
0.6517209062292649,0.4908653389690736,0.2604587840084297,0.0,0.0,0.0,0.04110267850199917,0.06191461060075281,0.18424130611718897,0.6058632347090884,0.38058544491240737,0.9863702085697572,0.3948800965850852,0.11111111111111112,0.5329157345264728
0.6517209062292649,0.4908653389690736,0.2604587840084297,0.3666666666666667,0.0,0.0,0.09216964270145267,0.07243479117657159,0.3664344482363316,0.6113791706434918,0.2610501475332185,0.7386479280678531,0.3272559691668359,0.15777777777777777,0.31718866517524236
0.6517209062292649,0.4908653389690736,0.2604587840084297,0.0,0.0,0.0,0.04110267850199917,0.06170097588444382,0.28196427203502883,0.5521619529432842,0.3182896950352135,1.0,0.4387107948497148,0.06888888888888889,0.18763609246830723
0.6517209062292649,0.4908653389690736,0.2604587840084297,0.3666666666666667,0.0,0.0,0.07473214273090757,0.06749994486061148,0.39795158239998146,0.5781256036726851,0.2405649439419471,0.7869284914943037,0.32711405864458604,0.15333333333333335,0.2370469798657718
0.9510210270925997,0.36682521092760345,0.13662407671658278,0.5,0.0,0.34714285714285714,0.0,0.11268122783808367,0.35306501453608724,0.4836134753011981,0.5077068929677557,0.38751665937751967,0.1442300697242449,0.44222222222222235,0.07084265473527218
0.9510210270925997,0.36682521092760345,0.13662407671658278,0.666666666666667,0.0,0.34714285714285714,0.0,0.15448828861437391,0.3827454751544777,0.5569863685955747,0.41448387589740504,0.36625169925745293,0.1858581001251744,0.2555555555555556,0.019388516032811335
0.9510210270925997,0.36682521092760345,0.13662407671658278,0.666666666666667,0.0,0.34714285714285714,0.0,0.15448828861437391,0.39263896202727455,0.558969419765693,0.4431678811498207,0.2599268986571195,0.19342683292534335,0.2622222222222222,0.014168530947054437
0.9510210270925997,0.36682521092760345,0.13662407671658278,0.5,0.0,0.34714285714285714,0.0,0.11268122783808367,0.3233845539176967,0.5232744987035638,0.49157214001327204,0.43004657961765314,0.12530823772382238,0.7288888888888888,0.08053691275167786
0.6277897398111835,0.4170123110930106,0.3888592122282981,0.5,0.0,0.34714285714285714,0.0,0.1691207598860755,0.30029975121450414,0.4855965264713164,0.5023286419829278,0.38220041934750304,0.1177395049236534,0.48888888888888893,0.0395227442207308
0.6277897398111835,0.4170123110930106,0.3888592122282981,0.666666666666667,0.0,0.34714285714285714,0.0,0.2224247623758456,0.3316291263116941,0.5966473919979404,0.42165487721050904,0.3449867391373863,0.1480144361243294,0.37777777777777777,0.016405667412378824
0.6277897398111835,0.4170123110930106,0.3888592122282981,0.666666666666667,0.0,0.34714285714285714,0.0,0.2224247623758456,0.35801175797248563,0.5688846756162844,0.4413751308215447,0.3396704991073697,0.16315190172466737,0.3111111111111111,0.013049962714392245
0.6277897398111835,0.4170123110930106,0.3888592122282981,0.5,0.0,0.34714285714285714,0.0,0.1691207598860755,0.2706192905961136,0.5292236522139186,0.5238416459222395,0.3449867391373863,0.11017077212348442,0.48888888888888893,0.05070842654735272
0.6277897398111835,0.4170123110930106,0.3888592122282981,0.666666666666667,0.0,0.34714285714285714,0.0,0.2224247623758456,0.29700192225690514,0.5688846756162844,0.5094996432960317,0.3396704991073697,0.1480144361243294,0.35555555555555557,0.02237136465324385
0.7473716134249896,0.44336360811682884,0.232003149141367,0.9066666666666667,0.0,0.2661428571428572,0.0,0.0014084754933087777,0.0685899799323512,0.7851439381467512,0.6092238312287204,0.2006106715885386,0.12909260412390694,0.004432666666666667,0.0
0.7473716134249896,0.44336360811682884,0.232003149141367,0.9066666666666667,0.0,0.2661428571428572,0.0,0.0014084754933087777,0.04653043263826186,0.7625150016855483,0.6484222096231687,0.21615777758577812,0.10941389884346753,0.0025142222222222224,0.0
0.7473716134249896,0.44336360811682884,0.232003149141367,0.9200000000000004,0.0,0.34714285714285714,0.0,0.0025636832401910795,0.06942007135515062,0.7196310627359962,0.6565288297870804,0.2332851054892975,0.12682198428385622,0.0,0.44295302013422816
0.7473716134249896,0.44336360811682884,0.232003149141367,0.9133333333333336,0.0,0.34714285714285714,0.0,0.0025636832401910795,0.09212363940306646,0.7605877218971226,0.5842813053645963,0.2645322296580823,0.18283060700510678,0.0011,0.3378076062639821
0.7473716134249896,0.44336360811682884,0.232003149141367,0.8933333333333335,0.0,0.34714285714285714,0.0,0.0025636832401910795,0.06871675768278983,0.7610253887598006,0.626810931520908,0.21270690060759498,0.1525556758044308,0.003715777777777778,0.4064131245339299
0.7473716134249896,0.44336360811682884,0.232003149141367,0.9133333333333336,0.0,0.405,0.0,0.0034878494376969207,0.08802273864771622,0.6932629744258823,0.6286023634293161,0.32681054417442434,0.17980311388503917,0.003715777777777778,0.2826249067859806
0.7473716134249896,0.44336360811682884,0.232003149141367,0.9133333333333336,0.0,0.405,0.0,0.0034878494376969207,0.082082805308805,0.7029038060646501,0.6313165021488092,0.31206734502025035,0.1154688850836027,0.003715777777777778,0.23639075316927666
0.6517209062292649,0.4908653389690736,0.2604587840084297,0.8973333333333335,0.0,0.23142857142857146,0.0,0.003256807888320461,0.11413634228057072,0.7100524059896757,0.5945032670484387,0.2987261241393464,0.1646656482847012,0.0025911111111111113,0.27815063385533184
0.6517209062292649,0.4908653389690736,0.2604587840084297,0.9003333333333337,0.0,0.23142857142857146,0.0,0.003256807888320461,0.09559826965401129,0.8167039628958764,0.5417089897980103,0.2291355218389692,0.17753249404498844,0.0019293333333333332,0.32363907531692765
0.6517209062292649,0.4908653389690736,0.2604587840084297,0.9066666666666667,0.0,0.2892857142857143,0.0,0.003256807888320461,0.12122312124296696,0.47649622315639,0.7496545126139871,0.44191708817782727,0.10790015228343372,0.00043555555555555557,0.7240865026099925
0.6517209062292649,0.4908653389690736,0.2604587840084297,0.9066666666666667,0.0,0.2892857142857143,0.0,0.003256807888320461,0.0800837094710838,0.6730814594769541,0.6764936049718129,0.26449285639822173,0.12984947740392383,0.0005975555555555556,0.703206562266965
0.6517209062292649,0.4908653389690736,0.2604587840084297,0.9100000000000001,0.0,0.34714285714285714,0.0,0.0025636832401910795,0.07654039811481302,0.6514500001841586,0.6629929869775502,0.37394211226091834,0.19039933980527574,0.0013086666666666667,0.43400447427293065
0.6517209062292649,0.4908653389690736,0.2604587840084297,0.9066666666666667,0.0,0.34714285714285714,0.0,0.0025636832401910795,0.08316832516381963,0.6101795196405816,0.6979083519408242,0.3596742312225585,0.16769314140476876,0.0006426666666666667,0.44146159582401195
0.6517209062292649,0.4908653389690736,0.2604587840084297,0.9100000000000001,0.0,0.405,0.0,0.0034878494376969207,0.0541081828313892,0.5769350753996123,0.7667317927465773,0.33839985052704646,0.13439071708402522,0.07930678013553757,0.5421327367636093
0.6517209062292649,0.4908653389690736,0.2604587840084297,0.9126666666666665,0.0,0.405,0.0,0.0034878494376969207,0.05557530313542232,0.5392681050061404,0.8282676205356911,0.2521698280785949,0.11698263164363651,0.09086381191274415,0.5182699478001491
0.9123534169025475,0.1481440761012453,0.4846288004286331,0.7333333333333334,0.0,0.27771428571428575,0.0,0.05415134275127728,0.31340509012607976,0.7130196294726844,0.32580449606501277,0.4451142096468623,0.3977826185299062,0.04379365079365098,0.00037285607755406416
0.9123534169025475,0.1481440761012453,0.4846288004286331,0.666666666666667,0.0,0.3008571428571429,0.0,0.055196519270684544,0.3562027547093367,0.6553110513702747,0.32054723976434263,0.47742821405993763,0.3750764201293993,0.2112698412698415,0.0007307979120059657
0.9123534169025475,0.1481440761012453,0.4846288004286331,0.6333333333333333,0.0,0.24300000000000002,0.0,0.0416092245183902,0.40831607857947866,0.5881870380108529,0.34223767259745885,0.425038054206906,0.3750764201293993,0.24393888888888884,0.0021029082774049216
0.9123534169025475,0.1481440761012453,0.4846288004286331,0.7333333333333334,0.0,0.32400000000000007,0.0,0.0562416957900918,0.3474445900869498,0.6297728343065699,0.3841884880542045,0.38540671197261045,0.32966402332838524,0.22107936507936504,7.457121551081282e-05
0.9123534169025475,0.1481440761012453,0.4846288004286331,0.666666666666667,0.0,0.2198571428571429,0.0,0.035338165401946654,0.3595449591545273,0.6346732679442437,0.36595380999337307,0.38733012463962446,0.3977826185299062,0.29793650793650767,0.00020134228187919463
0.9123534169025475,0.1481440761012453,0.4846288004286331,0.666666666666667,0.0,0.2198571428571429,0.0,0.036383341921353916,0.31732236833387517,0.7207922277507868,0.3200481159579266,0.4287175196101489,0.4053513513300752,0.3107936507936507,0.00015659955257270696
0.9123534169025475,0.1481440761012453,0.4846288004286331,0.7000000000000002,0.0,0.23142857142857146,0.0,0.035338165401946654,0.3464932107182318,0.7038576647520568,0.31934491769864376,0.3821523520777922,0.3902138857297373,0.3322222222222223,8.94854586129754e-05
0.9123534169025475,0.1481440761012453,0.4846288004286331,0.7333333333333334,0.0,0.2545714285714286,0.0,0.04683510711542648,0.30375461964627454,0.7240348219260153,0.34968875688971646,0.3758715621689118,0.3599389545290613,0.25888888888888933,0.0005219985085756899
0.9123534169025475,0.1481440761012453,0.4846288004286331,0.7333333333333334,0.0,0.3124285714285715,0.0,0.04578993059601923,0.31631777757998475,0.6522672557693533,0.38383638219021116,0.4265024195976421,0.3220952905282163,0.10222222222222242,8.202833706189411e-05
0.9123534169025475,0.1481440761012453,0.4846288004286331,0.7333333333333334,0.0,0.3355714285714286,0.0,0.04788028363483374,0.26092567214498946,0.6817984073936255,0.4108440494733296,0.4458342015249753,0.42048881693041323,0.3719841269841273,0.00023862788963460106
0.9123534169025475,0.1481440761012453,0.4846288004286331,0.8000000000000003,0.0,0.405,0.0,0.055196519270684544,0.34671824937240625,0.5824001878889353,0.4234175604473253,0.39841662321264826,0.3750764201293993,0.041888888888889,0.0004697986577181208
0.9123534169025475,0.1481440761012453,0.4846288004286331,0.666666666666667,0.0,0.27771428571428575,0.0,0.0416092245183902,0.3977716732620338,0.6498319297709625,0.2760916381499659,0.48992423048205147,0.3977826185299062,0.03853174603174618,2.237136465324385e-05
0.9123534169025475,0.1481440761012453,0.4846288004286331,0.766666666666667,0.0,0.27771428571428575,0.0,0.038473694960168434,0.3540072513811155,0.591831410584796,0.40432495737050794,0.40625007662614987,0.42805754973058224,0.4022222222222224,0.0020134228187919465
0.9123534169025475,0.1481440761012453,0.4846288004286331,0.766666666666667,0.0,0.27771428571428575,0.0,0.038473694960168434,0.4385767341150237,0.6533891426142776,0.2880429911451326,0.31338827906442246,0.16315190172466737,0.5345079365079364,1.4914243102162566e-05
0.9123534169025475,0.1481440761012453,0.4846288004286331,0.8000000000000003,0.0,0.27771428571428575,0.0,0.04578993059601923,0.36362049654033574,0.6163939070565584,0.29775040746857706,0.625445324588321,0.42805754973058224,0.7922222222222224,0.0014168530947054438
0.9123534169025475,0.1481440761012453,0.4846288004286331,0.8000000000000003,0.0,0.27771428571428575,0.0,0.04578993059601923,0.43554569779363256,0.7029263216699688,0.214196288868778,0.409345178511369,0.3902138857297373,0.873936507936508,2.237136465324385e-05
0.9123534169025475,0.1481440761012453,0.4846288004286331,0.8000000000000003,0.0,0.27771428571428575,0.0,0.04578993059601923,0.36362049654033574,0.6163939070565584,0.29775040746857706,0.625445324588321,0.3902138857297373,0.873936507936508,2.237136465324385e-05
0.9123534169025475,0.1481440761012453,0.4846288004286331,0.8000000000000003,0.0,0.27771428571428575,0.0,0.04578993059601923,0.43554569779363256,0.7029263216699688,0.214196288868778,0.409345178511369,0.3902138857297373,0.873936507936508,2.237136465324385e-05
0.7602608168216739,0.43242955137551087,0.23458096190960437,0.7433333333333336,0.1111111111111111,0.8776523702031604,0.07473214273090757,0.27990947094324475,0.5430224605707509,0.3379854606764416,0.5414715889967858,0.07067301747715418,0.2533114586114937,0.022222222222222223,0.039612229679343774
0.804612896202059,0.23692487870168982,0.4667824043408356,0.8000000000000003,0.1111111111111111,1.0,0.08718749985272549,0.27990947094324475,0.5333195633798538,0.32039337746699587,0.5627524098752119,0.08601115291700837,0.19448911376717515,0.035555555555555556,0.04276659209545116
0.804612896202059,0.23692487870168982,0.4667824043408356,0.8566666666666669,0.1111111111111111,0.9522622016387603,0.08718749985272549,0.27990947094324475,0.5400174281540278,0.3296688077298933,0.5621690062352012,0.04128076925299587,0.17616016350337516,0.03111111111111111,0.03576435495898583
0.804612896202059,0.23692487870168982,0.4667824043408356,0.8433333333333337,0.1111111111111111,0.8315147164393397,0.07473214273090757,0.2903612361373173,0.5736978498506203,0.36844993038179763,0.5044118378951143,0.0,0.21012102587343057,0.02666666666666667,0.03753914988814318
0.7449239667193569,0.2858321980289523,0.45728836197763034,0.5,0.0,0.0,0.1033794641110888,0.015835171549807243,0.61915396715527,0.3941360722799864,0.29448215325087834,0.40711284460027175,0.3337013125326973,0.02666666666666667,0.03281133482475765
0.7449239667193569,0.2858321980289523,0.45728836197763034,0.5,0.0,0.0,0.12455357121817928,0.019388771715791918,0.6699484377361697,0.34151820694325324,0.3008584081884447,0.3654989573063002,0.3126403806972726,0.02666666666666667,0.03780760626398211
0.7449239667193569,0.2858321980289523,0.45728836197763034,0.5,0.0,0.0,0.14946428546181514,0.01761197163279958,0.7156373374206549,0.291528324955115,0.3128183473692263,0.3167427502554475,0.2795433717874156,0.02666666666666667,0.027293064876957495
0.7449239667193569,0.2858321980289523,0.45728836197763034,0.666666666666667,0.0,0.0,0.1033794641110888,0.01796733164939805,0.6659279843378944,0.3816659248057866,0.26022272827586246,0.3913331478293648,0.3601057474054309,0.02666666666666667,0.03131991051454139
0.7449239667193569,0.2858321980289523,0.45728836197763034,0.666666666666667,0.0,0.0,0.12455357121817928,0.021520931815382723,0.6760790622385902,0.36056016002282965,0.2687768180349226,0.38981997562684856,0.35103718820380925,0.02666666666666667,0.029977628635346754
0.7449239667193569,0.2858321980289523,0.45728836197763034,0.666666666666667,0.0,0.0,0.14946428546181514,0.019744131732390386,0.7445358710136659,0.2740281451398654,0.29559581408415997,0.32155846056354664,0.29582742253803745,0.02888888888888889,0.021252796420581657
0.7449239667193569,0.2858321980289523,0.45728836197763034,0.8000000000000003,0.0,0.0,0.1033794641110888,0.019388771715791918,0.7232019893685362,0.3505144924637965,0.2485677245482512,0.32475072870054866,0.35378420993791954,0.02888888888888889,0.026249067859806116
0.7449239667193569,0.2858321980289523,0.45728836197763034,0.8000000000000003,0.0,0.0,0.12455357121817928,0.023297731898375057,0.7232551421918725,0.3528340107673587,0.24698264447627966,0.3230615179429278,0.358273524260602,0.02888888888888889,0.02348993288590604
0.7449239667193569,0.2858321980289523,0.45728836197763034,0.8000000000000003,0.0,0.0,0.14946428546181514,0.021165571798784255,0.7620946695297617,0.3231094750268276,0.2508215102755858,0.2661424598057044,0.3282259218230915,0.02888888888888889,0.014839671886651752
0.7449239667193569,0.2858321980289523,0.45728836197763034,0.5,0.16666666666666669,0.0,0.10462499982327059,0.01263693140042104,0.6793392775371926,0.20568122668923516,0.37374007997514613,0.4832550578379067,0.2809949864985057,0.03111111111111111,0.04832214765100672
0.7449239667193569,0.2858321980289523,0.45728836197763034,0.5,0.16666666666666669,0.0,0.14946428546181514,0.015835171549807243,0.7141986998669222,0.15384322573875714,0.3945463192162753,0.4481356041353721,0.2440506766310711,0.03111111111111111,0.04213273676360925
0.7449239667193569,0.2858321980289523,0.45728836197763034,0.6333333333333333,0.16666666666666669,0.0,0.10462499982327059,0.013703011450216442,0.682536527304277,0.29210009577329393,0.3035564875594021,0.4493949553492159,0.3423349988551759,0.03111111111111111,0.03795674869500373
0.7449239667193569,0.2858321980289523,0.45728836197763034,0.6333333333333333,0.16666666666666669,0.0,0.14946428546181514,0.01761197163279958,0.7277445467303985,0.2601953179144462,0.3062021362922994,0.38132659410396896,0.31806142610959326,0.03111111111111111,0.019910514541387023
0.3228397981337361,0.2005533406513587,1.0,0.7833333333333337,0.0,0.32400000000000007,0.12455357121817928,0.321716531719535,0.2879519052642489,0.6011082177957118,0.46100142477176925,0.42627951645172935,0.3013474005138907,0.32227986666666675,0.06189410887397465
0.9082831421456995,0.1519805872385498,0.48327205686640295,0.7366666666666668,0.0,0.3008571428571429,0.17437499970545098,0.321716531719535,0.29986666711027693,0.5772672826615529,0.4708889343959826,0.42245849104951305,0.22514678041589548,0.48518666666666665,0.07531692766592095
0.7860262484132149,0.3109283708539574,0.3806864892645525,0.77,0.0,0.27771428571428575,0.10587053553545239,0.321716531719535,0.30523612411958934,0.55329880803395,0.4741557772853247,0.45971498833862656,0.2982427420764645,0.23143488888888886,0.08501118568232663
0.7860262484132149,0.3109283708539574,0.3806864892645525,0.7866666666666666,0.0,0.4165714285714286,0.17437499970545098,0.2903612361373173,0.5233175659541374,0.16103851877868908,0.6682257157941454,0.23269147662123266,0.051646329391953294,0.2730092444444444,0.016405667412378824
0.6416801455721793,0.4615870360190254,0.3119153449567267,0.77,0.0,0.405,0.18683035682726892,0.2903612361373173,0.4619415638794478,0.16348526072799008,0.7261716725330936,0.25218006036703255,0.07338216916742099,0.4765664444444446,0.027591349739000747
0.9082831421456995,0.1519805872385498,0.48327205686640295,0.7566666666666668,0.0,0.3934285714285715,0.14946428546181514,0.40533065327211554,0.28502745240551647,0.5092976995473291,0.5610388185089281,0.3851854739098117,0.2090452818649996,0.6293158666666667,0.09395973154362416
0.9082831421456995,0.1519805872385498,0.48327205686640295,0.766666666666667,0.0,0.37028571428571433,0.13700892833999723,0.38442712288397046,0.25218941917209053,0.5369486724437824,0.566500694245395,0.40073358021973604,0.22440749897050705,0.5889735555555556,0.09545115585384042
0.7860262484132149,0.3109283708539574,0.3806864892645525,0.79,0.0,0.4397142857142858,0.18683035682726892,0.38442712288397046,0.27815035755311496,0.5308207679596247,0.5447013909427592,0.39810511260500636,0.2437737577958285,0.7688231111111113,0.0842654735272185
0.9123534169025475,0.1481440761012453,0.4846288004286331,0.5,0.011111111111111127,0.0,0.09341517841363446,0.02384122368846683,0.00017384659366188882,0.7471461278142986,0.6759868699462732,0.3250762857866263,0.882181517740722,0.17777777777777778,0.014914243102162566
0.9123534169025475,0.1481440761012453,0.4846288004286331,0.5,0.011111111111111127,0.0,0.102133928398907,0.02384122368846683,0.010132346473816126,0.5335827372897329,0.8914599809982646,0.22653205726880402,0.738375594537511,0.17777777777777778,0.008948545861297539
0.9123534169025475,0.1481440761012453,0.4846288004286331,0.5,0.011111111111111127,0.0,0.09839732126236164,0.02384122368846683,0.02699117765085937,0.6051867372893198,0.7730400279197611,0.33138272443979655,0.7989254569388631,0.17777777777777778,0.009694258016405667
